日期,受影响的网页数
2026-04-27,1
2026-04-28,8
2026-04-29,8
2026-04-30,8
2026-05-01,8
2026-05-02,25
2026-05-03,25
2026-05-04,25
2026-05-05,34
2026-05-06,34
2026-05-07,34
2026-05-08,34
2026-05-09,46
2026-05-10,46
2026-05-11,46
2026-05-12,41
2026-05-13,41
2026-05-14,41
2026-05-15,41
2026-05-16,41
2026-05-17,41
2026-05-18,41
2026-05-19,41
2026-05-20,41
2026-05-21,41
2026-05-22,41
2026-05-23,42
2026-05-24,42
2026-05-25,42
2026-05-26,49
2026-05-27,49
2026-05-28,49
2026-05-29,49
2026-05-30,66
2026-05-31,66
2026-06-01,66